{
    "version": 1,
    "author": "David",
    "editor": "wokwi",
    "parts": [
        {
            "type": "board-esp32-devkit-c-v4",
            "id": "esp",
            "top": 85.26,
            "left": 73.7,
            "rotate": 270,
            "attrs": {}
        },
        {
            "type": "wokwi-lcd1602",
            "id": "lcd1",
            "top": -44.57,
            "left": 6.4,
            "attrs": {}
        },
        {
            "type": "wokwi-potentiometer",
            "id": "pot1",
            "top": 17.9,
            "left": 326.2,
            "attrs": {}
        },
        {
            "type": "wokwi-gnd",
            "id": "gnd2",
            "top": 144,
            "left": 345,
            "attrs": {}
        },
        {
            "type": "wokwi-gnd",
            "id": "gnd1",
            "top": 278.4,
            "left": 249,
            "attrs": {}
        },
        {
            "type": "wokwi-vcc",
            "id": "vcc2",
            "top": 240.76,
            "left": 9.6,
            "attrs": {}
        },
        {
            "type": "wokwi-pushbutton-6mm",
            "id": "btn1",
            "top": 183.9,
            "left": 254.1,
            "rotate": 90,
            "attrs": {
                "color": "blue"
            }
        },
        {
            "type": "wokwi-vcc",
            "id": "vcc1",
            "top": 144.76,
            "left": 268.8,
            "attrs": {}
        },
        {
            "type": "wokwi-gnd",
            "id": "gnd3",
            "top": 403.2,
            "left": 85.8,
            "attrs": {}
        },
        {
            "type": "wokwi-gnd",
            "id": "gnd4",
            "top": 403.2,
            "left": 114.6,
            "attrs": {}
        },
        {
            "type": "wokwi-gnd",
            "id": "gnd5",
            "top": 403.2,
            "left": 172.2,
            "attrs": {}
        },
        {
            "type": "wokwi-gnd",
            "id": "gnd6",
            "top": 403.2,
            "left": 143.4,
            "attrs": {}
        },
        {
            "type": "wokwi-pushbutton-6mm",
            "id": "btn2",
            "top": 318.3,
            "left": 71.7,
            "rotate": 90,
            "attrs": {
                "color": "green"
            }
        },
        {
            "type": "wokwi-pushbutton-6mm",
            "id": "btn3",
            "top": 318.3,
            "left": 100.5,
            "rotate": 90,
            "attrs": {
                "color": "yellow"
            }
        },
        {
            "type": "wokwi-pushbutton-6mm",
            "id": "btn4",
            "top": 318.3,
            "left": 129.3,
            "rotate": 90,
            "attrs": {
                "color": "black"
            }
        },
        {
            "type": "wokwi-pushbutton-6mm",
            "id": "btn5",
            "top": 318.3,
            "left": 158.1,
            "rotate": 90,
            "attrs": {
                "color": "red"
            }
        },
        {
            "type": "wokwi-vcc",
            "id": "vcc3",
            "top": 279.16,
            "left": 67.2,
            "attrs": {}
        },
        {
            "type": "wokwi-vcc",
            "id": "vcc4",
            "top": 279.16,
            "left": 96,
            "attrs": {}
        },
        {
            "type": "wokwi-vcc",
            "id": "vcc5",
            "top": 279.16,
            "left": 124.8,
            "attrs": {}
        },
        {
            "type": "wokwi-vcc",
            "id": "vcc6",
            "top": 279.16,
            "left": 153.6,
            "attrs": {}
        }
    ],
    "connections": [
        [
            "esp:TX",
            "$serialMonitor:RX",
            "",
            []
        ],
        [
            "esp:RX",
            "$serialMonitor:TX",
            "",
            []
        ],
        [
            "lcd1:RS",
            "esp:22",
            "green",
            [
                "v0"
            ]
        ],
        [
            "lcd1:E",
            "esp:23",
            "green",
            [
                "v19.2",
                "h-28.8"
            ]
        ],
        [
            "lcd1:D4",
            "esp:5",
            "green",
            [
                "v0"
            ]
        ],
        [
            "lcd1:D5",
            "esp:18",
            "green",
            [
                "v19.2",
                "h-19.1"
            ]
        ],
        [
            "lcd1:D6",
            "esp:19",
            "green",
            [
                "v9.6",
                "h-38.2"
            ]
        ],
        [
            "lcd1:D7",
            "esp:21",
            "green",
            [
                "v28.8",
                "h-66.9"
            ]
        ],
        [
            "pot1:GND",
            "esp:GND.3",
            "black",
            [
                "v38.4",
                "h-249.6"
            ]
        ],
        [
            "pot1:GND",
            "gnd2:GND",
            "black",
            [
                "v0"
            ]
        ],
        [
            "pot1:SIG",
            "esp:34",
            "green",
            [
                "v172.8",
                "h-278.8"
            ]
        ],
        [
            "pot1:VCC",
            "esp:3V3",
            "red",
            [
                "v182.4",
                "h-327.2"
            ]
        ],
        [
            "vcc2:VCC",
            "esp:3V3",
            "red",
            [
                "v0",
                "h28.8"
            ]
        ],
        [
            "gnd1:GND",
            "btn1:2.r",
            "black",
            [
                "v0"
            ]
        ],
        [
            "btn1:1.l",
            "vcc1:VCC",
            "green",
            [
                "v0"
            ]
        ],
        [
            "gnd3:GND",
            "btn2:1.r",
            "black",
            [
                "v0"
            ]
        ],
        [
            "gnd4:GND",
            "btn3:1.r",
            "black",
            [
                "v0"
            ]
        ],
        [
            "gnd6:GND",
            "btn4:1.r",
            "black",
            [
                "v0"
            ]
        ],
        [
            "gnd5:GND",
            "btn5:1.r",
            "black",
            [
                "v0"
            ]
        ],
        [
            "vcc3:VCC",
            "btn2:2.l",
            "red",
            [
                "v0"
            ]
        ],
        [
            "vcc4:VCC",
            "btn3:2.l",
            "red",
            [
                "v0"
            ]
        ],
        [
            "vcc5:VCC",
            "btn4:2.l",
            "red",
            [
                "v0"
            ]
        ],
        [
            "vcc6:VCC",
            "btn5:2.l",
            "red",
            [
                "v0"
            ]
        ],
        [
            "esp:2",
            "btn1:2.l",
            "green",
            [
                "v-9.6",
                "h76.8",
                "v48"
            ]
        ],
        [
            "btn5:1.l",
            "esp:4",
            "green",
            [
                "v-115.2",
                "h-19.2"
            ]
        ],
        [
            "btn2:1.l",
            "esp:15",
            "green",
            [
                "v-38.4",
                "h96"
            ]
        ],
        [
            "btn3:1.l",
            "esp:14",
            "green",
            [
                "v-67.2",
                "h28.8"
            ]
        ],
        [
            "btn4:1.l",
            "esp:13",
            "green",
            [
                "v-67.2",
                "h28.8"
            ]
        ]
    ],
    "dependencies": {}
}